<?xml version="1.0" encoding="UTF-8" standalone="yes"?>
<bundles>
    <bundle type="BundleDef:/EmailAccountTemplateBO/" id="1051785">
        <components>
            <comp type="MCPDef:/EmailAccountTemplate/ReqEmailAccountTemplateInfo/" id="1051785">
                <params>
                    <param name="name" value="Account_Update"/>
                    <param name="bundleCreationWfEvent" value="WFCreate"/>
                    <param name="amendmentOrder" value="1"/>
                    <param name="isApproval" value="false"/>
                    <param name="sysPackageSupport" value="false"/>
                    <param name="bundleCategory" value="M"/>
                    <param name="isDocumentChanged" value="false"/>
                    <param name="subject" value="Account Update Received"/>
                    <param name="body" value="The updates to your account have been received. &lt;br /&gt;&#xA;&lt;br /&gt;&#xA;You can always make changes to your account by logging into the site and selecting 'Account'.  &lt;br /&gt;&#xA;&lt;br /&gt;&#xA;To review or edit this information further click this link or paste it into your Web browser:  &lt;a href=&quot;[linkDefinition:/accountChangeAccountInfo]&quot;&gt;[linkDefinition:/accountChangeAccountInfo]&lt;/a&gt;"/>
                    <param name="noEmailForIndividualEmailType" value="no"/>
                    <param name="isApprovalTemplate" value="false"/>
                </params>
            </comp>
        </components>
        <workflow>
            <task type="WorkflowDef:/MANAGE_WF/RootTask/" id="19" status="0">
                <tasks>
                    <task type="WorkflowDef:/MANAGE_WF/RootTask/Manage/" id="20" status="0"/>
                </tasks>
            </task>
        </workflow>
    </bundle>
    <bundle type="BundleDef:/EmailAccountTemplateBO/" id="1051782">
        <components>
            <comp type="MCPDef:/EmailAccountTemplate/ReqEmailAccountTemplateInfo/" id="1051782">
                <params>
                    <param name="name" value="Approval_Pending_Reminder"/>
                    <param name="bundleCreationWfEvent" value="WFCreate"/>
                    <param name="amendmentOrder" value="1"/>
                    <param name="isApproval" value="false"/>
                    <param name="sysPackageSupport" value="false"/>
                    <param name="bundleCategory" value="M"/>
                    <param name="isDocumentChanged" value="false"/>
                    <param name="subject" value="Approval reminder for Record [BundleDef:/bundleDefinitionName]: [BundleDef:/bundleTrackingNum]"/>
                    <param name="body" value="&lt;style&gt;&#xA;* &#xA;{ margin:0px; padding: 0px; }&#xA;hr&#xA;{ border-color:#71A6C9; width: 300px; margin:25px 5px; }&#xA;a &#xA;{ color:inherit; text-decoration:none; }&#xA;a:visited&#xA;{ color:inherit; }&#xA;.letterBody&#xA;{ color:#333; margin-left: 5px; }&#xA;.ocaButtonBody&#xA;{ height:100px; width:300px; margin: 5px; background-color:#71A6C9; border:2px solid #6196b9; border-radius:10px; text-align:center;}&#xA;.ocaLabel &#xA;{ position:relative; top:30%; margin:5px; color:white; font-weight:bold; font-size:x-large; }&#xA;.header&#xA;{ color:#8c9c90; font-size:larger; font-weight:bold; }&#xA;.optionsList&#xA;{ margin-top:20px; margin-left:20px; line-height:200%; }&#xA;.optionsList li&#xA;{ text-decoration:underline; margin:4px; font-weight:bold; }&#xA;.infoLabel&#xA;{ }&#xA;.infoValue&#xA;{ color:#8c9c90; font-weight:bold; }&#xA;&lt;/style&gt;&#xA;&lt;div class=&quot;letterBody&quot;&gt;&#xA;This is a reminder that you have an approval pending for record [BundleDef:/bundleTrackingNum]. &lt;br /&gt;&#xA;&lt;br /&gt;&#xA;Check additional information below and choose an action.&lt;br /&gt;&#xA;&lt;br /&gt;&#xA;&lt;div class=&quot;ocaButtonBody&quot;&gt;&#xA;&lt;div class=&quot;ocaLabel&quot;&gt;&lt;a href=&quot;[linkDefinition:/oneClickApproveView]&quot;&gt;Approve Now&lt;/a&gt;&lt;/div&gt;&#xA;&lt;/div&gt; &#xA;&lt;hr /&gt;&#xA;&lt;div class=&quot;header&quot;&gt;More options (Login required):&lt;/div&gt;&#xA;&lt;ul class=&quot;optionsList&quot;&gt;&#xA;&lt;li&gt;&lt;a href=&quot;[linkDefinition:/approveView]&quot;&gt;Approve with comment&lt;/a&gt;&lt;/li&gt;&#xA;&lt;li&gt;&lt;a href=&quot;[linkDefinition:/rejectView]&quot;&gt;Reject with comment&lt;/a&gt;&lt;/li&gt;&#xA;&lt;li&gt;&lt;a href=&quot;[linkDefinition:/bundleView]&quot;&gt;View contract record&lt;/a&gt;&lt;/li&gt;&#xA;&lt;li&gt;&lt;a href=&quot;[linkDefinition:/documentView]&quot;&gt;View contract document&lt;/a&gt;&lt;/li&gt;&#xA;&lt;li&gt;&lt;a href=&quot;[linkDefinition:/reassignView]&quot;&gt;Reassign this approval&lt;/a&gt;&lt;/li&gt;&#xA;&lt;li&gt;&lt;a href=&quot;[/linkDefinition:/rmiView]&quot;&gt;Request more information&lt;/a&gt;&lt;/li&gt;&#xA;&lt;/ul&gt;&#xA;&lt;hr /&gt;&#xA;&lt;div class=&quot;header&quot;&gt;Additional information:&lt;/div&gt;&#xA;&lt;label class=&quot;infoLabel&quot;&gt;Definition name: &lt;/label&gt;&lt;label class=&quot;infoValue&quot;&gt;[BundleDef:/bundleDefinitionName]&lt;/label&gt;&lt;br /&gt;&#xA;&lt;label class=&quot;infoLabel&quot;&gt;Tracking number: &lt;/label&gt;&lt;label class=&quot;infoValue&quot;&gt;#[BundleDef:/bundleTrackingNum]&lt;/label&gt;&lt;br /&gt;&#xA;&lt;label class=&quot;infoLabel&quot;&gt;Status: &lt;/label&gt;&lt;label class=&quot;infoValue&quot;&gt;[BundleDef:/bundleStatus]&lt;/label&gt;&lt;br /&gt;&#xA;&lt;label class=&quot;infoLabel&quot;&gt;Last modified: &lt;/label&gt; &lt;label class=&quot;infoValue&quot;&gt;[sltcTerm /BundleDef:/lastModified] by [sltcTerm /BundleDef:/bundleLastModifiedBy]&lt;/label&gt;&#xA;&lt;/div&gt;"/>
                    <param name="noEmailForIndividualEmailType" value="no"/>
                    <param name="isApprovalTemplate" value="false"/>
                </params>
            </comp>
        </components>
        <workflow>
            <task type="WorkflowDef:/MANAGE_WF/RootTask/" id="13" status="0">
                <tasks>
                    <task type="WorkflowDef:/MANAGE_WF/RootTask/Manage/" id="14" status="0"/>
                </tasks>
            </task>
        </workflow>
    </bundle>
    <bundle type="BundleDef:/EmailAccountTemplateBO/" id="1051779">
        <components>
            <comp type="MCPDef:/EmailAccountTemplate/ReqEmailAccountTemplateInfo/" id="1051779">
                <params>
                    <param name="name" value="Record_Approved"/>
                    <param name="bundleCreationWfEvent" value="WFCreate"/>
                    <param name="amendmentOrder" value="1"/>
                    <param name="isApproval" value="false"/>
                    <param name="sysPackageSupport" value="false"/>
                    <param name="bundleCategory" value="M"/>
                    <param name="isDocumentChanged" value="false"/>
                    <param name="subject" value="Record [BundleDef:/bundleDefinitionName]: [BundleDef:/bundleTrackingNum] Approved"/>
                    <param name="body" value="This email has been sent to notify you that the following record has been approved.&lt;br /&gt;&#xA;&lt;br /&gt;&#xA;The comment associated with this approval was: &lt;br /&gt;&#xA;[BundleDef:/BundleTaskProperties/bundleTaskComment] &lt;br /&gt;&#xA;&lt;br /&gt;&#xA;Definition name: [BundleDef:/bundleDefinitionName] &lt;br /&gt;&#xA;Tracking number: #[BundleDef:/bundleTrackingNum] &lt;br /&gt;&#xA;&lt;br /&gt;&#xA;Click to view this record (or paste this into your browser): &lt;a href=&quot;[linkDefinition:/bundleView]&quot;&gt;[linkDefinition:/bundleView]&lt;/a&gt;"/>
                    <param name="noEmailForIndividualEmailType" value="no"/>
                    <param name="isApprovalTemplate" value="true"/>
                </params>
            </comp>
        </components>
        <workflow>
            <task type="WorkflowDef:/MANAGE_WF/RootTask/" id="7" status="0">
                <tasks>
                    <task type="WorkflowDef:/MANAGE_WF/RootTask/Manage/" id="8" status="0"/>
                </tasks>
            </task>
        </workflow>
    </bundle>
    <bundle type="BundleDef:/EmailAccountTemplateBO/" id="1051783">
        <components>
            <comp type="MCPDef:/EmailAccountTemplate/ReqEmailAccountTemplateInfo/" id="1051783">
                <params>
                    <param name="name" value="User_Assigned_Delegate"/>
                    <param name="bundleCreationWfEvent" value="WFCreate"/>
                    <param name="amendmentOrder" value="1"/>
                    <param name="isApproval" value="false"/>
                    <param name="sysPackageSupport" value="false"/>
                    <param name="bundleCategory" value="M"/>
                    <param name="isDocumentChanged" value="false"/>
                    <param name="subject" value="[userDefinition:/delegateeUser] has been assigned as delegatee for [userDefinition:/firstLastName] ([userDefinition:/title])."/>
                    <param name="body" value="This email has been sent to notify you that the user [userDefinition:/firstLastName] ([userDefinition:/title]) is out of office.&lt;br /&gt;&#xA;[userDefinition:/delegateeUser] has been assigned as delegatee for [accountDefinition:/hostDisplayName] tasks."/>
                    <param name="noEmailForIndividualEmailType" value="no"/>
                    <param name="isApprovalTemplate" value="false"/>
                </params>
            </comp>
        </components>
        <workflow>
            <task type="WorkflowDef:/MANAGE_WF/RootTask/" id="15" status="0">
                <tasks>
                    <task type="WorkflowDef:/MANAGE_WF/RootTask/Manage/" id="16" status="0"/>
                </tasks>
            </task>
        </workflow>
    </bundle>
    <bundle type="BundleDef:/EmailAccountTemplateBO/" id="1051778">
        <components>
            <comp type="MCPDef:/EmailAccountTemplate/ReqEmailAccountTemplateInfo/" id="1051778">
                <params>
                    <param name="name" value="Export_Record_Data"/>
                    <param name="bundleCreationWfEvent" value="WFCreate"/>
                    <param name="amendmentOrder" value="1"/>
                    <param name="isApproval" value="false"/>
                    <param name="sysPackageSupport" value="false"/>
                    <param name="bundleCategory" value="M"/>
                    <param name="isDocumentChanged" value="false"/>
                    <param name="subject" value="Export Attachments Requested"/>
                    <param name="body" value="See attached zip file"/>
                    <param name="noEmailForIndividualEmailType" value="no"/>
                    <param name="isApprovalTemplate" value="false"/>
                </params>
            </comp>
        </components>
        <workflow>
            <task type="WorkflowDef:/MANAGE_WF/RootTask/" id="5" status="0">
                <tasks>
                    <task type="WorkflowDef:/MANAGE_WF/RootTask/Manage/" id="6" status="0"/>
                </tasks>
            </task>
        </workflow>
    </bundle>
    <bundle type="BundleDef:/EmailAccountTemplateBO/" id="1051786">
        <components>
            <comp type="MCPDef:/EmailAccountTemplate/ReqEmailAccountTemplateInfo/" id="1051786">
                <params>
                    <param name="name" value="New_User_Welcome"/>
                    <param name="bundleCreationWfEvent" value="WFCreate"/>
                    <param name="amendmentOrder" value="1"/>
                    <param name="isApproval" value="false"/>
                    <param name="sysPackageSupport" value="false"/>
                    <param name="bundleCategory" value="M"/>
                    <param name="isDocumentChanged" value="false"/>
                    <param name="subject" value="Welcome to [accountDefinition:/hostDisplayName]"/>
                    <param name="body" value="Welcome to [accountDefinition:/hostDisplayName]&lt;br /&gt;&#xA;&lt;br /&gt;&#xA;At the request of  [accountDefinition:/primaryName] ([accountDefinition:/primaryEmail]) a username and password have been assigned to you.&lt;br /&gt;&#xA;&lt;br /&gt;&#xA;Use the log in information below to visit [accountDefinition:/companyName]'s [accountDefinition:/hostDisplayName].  &lt;br /&gt;&#xA;&lt;br /&gt;&#xA;Your [accountDefinition:/hostDisplayName] username is your email address: [userDefinition:/loginName]  &lt;br /&gt;&#xA;Your [accountDefinition:/hostDisplayName] temporary password is: [userDefinition:/password]  &lt;br /&gt;&#xA;&lt;br /&gt;&#xA;To review or update your account information click this link or paste it into your Web browser: &lt;a href=&quot;[linkDefinition:/accountChangeAccountInfo]&quot;&gt;[linkDefinition:/accountChangeAccountInfo]&lt;/a&gt;  &lt;br /&gt;&#xA;&lt;br /&gt;&#xA;Please note that your password is temporary and you will be required to update it when you first log into the [accountDefinition:/hostDisplayName] site.  &lt;br /&gt;&#xA;&lt;br /&gt;&#xA;We look forward to working with you."/>
                    <param name="noEmailForIndividualEmailType" value="no"/>
                    <param name="isApprovalTemplate" value="false"/>
                </params>
            </comp>
        </components>
        <workflow>
            <task type="WorkflowDef:/MANAGE_WF/RootTask/" id="21" status="0">
                <tasks>
                    <task type="WorkflowDef:/MANAGE_WF/RootTask/Manage/" id="22" status="0"/>
                </tasks>
            </task>
        </workflow>
    </bundle>
    <bundle type="BundleDef:/EmailAccountTemplateBO/" id="1051776">
        <components>
            <comp type="MCPDef:/EmailAccountTemplate/ReqEmailAccountTemplateInfo/" id="1051776">
                <params>
                    <param name="name" value="New_User_Request"/>
                    <param name="bundleCreationWfEvent" value="WFCreate"/>
                    <param name="amendmentOrder" value="1"/>
                    <param name="isApproval" value="false"/>
                    <param name="sysPackageSupport" value="false"/>
                    <param name="bundleCategory" value="M"/>
                    <param name="isDocumentChanged" value="false"/>
                    <param name="subject" value="[accountDefinition:/hostDisplayName] User Request"/>
                    <param name="body" value="The following user account request has been submitted to you through [accountDefinition:/hostDisplayName]:&lt;br /&gt;&#xA;&lt;br /&gt;&#xA;Name: [userDefinition:/lastFirstName] &lt;br /&gt;&#xA;Email: [userDefinition:/email] &lt;br /&gt;&#xA;Phone: [userDefinition:/voicePhone] &lt;br /&gt;&#xA;Company: [accountDefinition:/companyName] &lt;br /&gt;&#xA;Title: [userDefinition:/title] &lt;br /&gt;&#xA;&lt;br /&gt;&#xA;To take action on this registration request (approve or deny) please follow this  link:&lt;a href=&quot;[linkDefinition:/accountChangeAccountInfo]&quot;&gt;[linkDefinition:/accountChangeAccountInfo]&lt;/a&gt;&lt;br /&gt;&#xA;&lt;br /&gt;&#xA;Please note that the user will not be able to access [accountDefinition:/hostDisplayName] until you approve the registration request and set up their permissions."/>
                    <param name="noEmailForIndividualEmailType" value="no"/>
                    <param name="isApprovalTemplate" value="false"/>
                </params>
            </comp>
        </components>
        <workflow>
            <task type="WorkflowDef:/MANAGE_WF/RootTask/" id="1" status="0">
                <tasks>
                    <task type="WorkflowDef:/MANAGE_WF/RootTask/Manage/" id="2" status="0"/>
                </tasks>
            </task>
        </workflow>
    </bundle>
    <bundle type="BundleDef:/EmailAccountTemplateBO/" id="1051790">
        <components>
            <comp type="MCPDef:/EmailAccountTemplate/ReqEmailAccountTemplateInfo/" id="1051790">
                <params>
                    <param name="name" value="Forgot_Password_Request"/>
                    <param name="bundleCreationWfEvent" value="WFCreate"/>
                    <param name="amendmentOrder" value="1"/>
                    <param name="isApproval" value="false"/>
                    <param name="sysPackageSupport" value="false"/>
                    <param name="bundleCategory" value="M"/>
                    <param name="isDocumentChanged" value="false"/>
                    <param name="subject" value="[accountDefinition:/hostDisplayName] User Request"/>
                    <param name="body" value="Dear [userDefinition:/lastFirstName] &lt;br /&gt;&#xA;&lt;br /&gt;&#xA;If you follow the link below you will be able to personally change your password:&lt;br /&gt;&#xA;&lt;a href=&quot;[userDefinition:/chngPassLink]&quot;&gt;change password link&lt;/a&gt; &lt;br /&gt;&#xA;&lt;br /&gt;&#xA;This password reset request is valid for the next 24 hours."/>
                    <param name="noEmailForIndividualEmailType" value="no"/>
                    <param name="isApprovalTemplate" value="false"/>
                </params>
            </comp>
        </components>
        <workflow>
            <task type="WorkflowDef:/MANAGE_WF/RootTask/" id="29" status="0">
                <tasks>
                    <task type="WorkflowDef:/MANAGE_WF/RootTask/Manage/" id="30" status="0"/>
                </tasks>
            </task>
        </workflow>
    </bundle>
    <bundle type="BundleDef:/EmailAccountTemplateBO/" id="1051784">
        <components>
            <comp type="MCPDef:/EmailAccountTemplate/ReqEmailAccountTemplateInfo/" id="1051784">
                <params>
                    <param name="name" value="New_User_Rejected"/>
                    <param name="bundleCreationWfEvent" value="WFCreate"/>
                    <param name="amendmentOrder" value="1"/>
                    <param name="isApproval" value="false"/>
                    <param name="sysPackageSupport" value="false"/>
                    <param name="bundleCategory" value="M"/>
                    <param name="isDocumentChanged" value="false"/>
                    <param name="subject" value="[accountDefinition:/companyName]  [accountDefinition:/hostDisplayName] User Request Denied"/>
                    <param name="body" value="Your request for access to the [accountDefinition:/companyName]  [accountDefinition:/hostDisplayName] Contract Management application has been denied.  &lt;br /&gt;&#xA;&lt;br /&gt;&#xA;For more details please contact [accountDefinition:/primaryName] at  [accountDefinition:/primaryEmail]"/>
                    <param name="noEmailForIndividualEmailType" value="no"/>
                    <param name="isApprovalTemplate" value="false"/>
                </params>
            </comp>
        </components>
        <workflow>
            <task type="WorkflowDef:/MANAGE_WF/RootTask/" id="17" status="0">
                <tasks>
                    <task type="WorkflowDef:/MANAGE_WF/RootTask/Manage/" id="18" status="0"/>
                </tasks>
            </task>
        </workflow>
    </bundle>
    <bundle type="BundleDef:/EmailAccountTemplateBO/" id="1051793">
        <components>
            <comp type="MCPDef:/EmailAccountTemplate/ReqEmailAccountTemplateInfo/" id="1051793">
                <params>
                    <param name="name" value="RMI_Record_Pending"/>
                    <param name="bundleCreationWfEvent" value="WFCreate"/>
                    <param name="amendmentOrder" value="1"/>
                    <param name="isApproval" value="false"/>
                    <param name="sysPackageSupport" value="false"/>
                    <param name="bundleCategory" value="M"/>
                    <param name="isDocumentChanged" value="false"/>
                    <param name="subject" value="Request for more information for Record [BundleDef:/bundleDefinitionName]: [BundleDef:/bundleTrackingNum]"/>
                    <param name="body" value="&lt;style&gt;&#xA;* &#xA;{ margin:0px; padding: 0px; }&#xA;hr&#xA;{ border-color:#71A6C9; width: 300px; margin:25px 5px; }&#xA;a &#xA;{ color:inherit; text-decoration:none; }&#xA;a:visited&#xA;{ color:inherit; }&#xA;.letterBody&#xA;{ color:#333; margin-left: 5px; }&#xA;.ocaButtonBody&#xA;{ height:100px; width:300px; margin: 5px; background-color:#71A6C9; border:2px solid #6196b9; border-radius:10px; text-align:center;}&#xA;.ocaLabel &#xA;{ position:relative; top:30%; margin:5px; color:white; font-weight:bold; font-size:x-large; }&#xA;.header&#xA;{ color:#8c9c90; font-size:larger; font-weight:bold; }&#xA;.optionsList&#xA;{ margin-top:20px; margin-left:20px; line-height:200%; }&#xA;.optionsList li&#xA;{ text-decoration:underline; margin:4px; font-weight:bold; }&#xA;.infoLabel&#xA;{ }&#xA;.infoValue&#xA;{ color:#8c9c90; font-weight:bold; }&#xA;&lt;/style&gt;&#xA;&lt;div class=&quot;letterBody&quot;&gt;&#xA;This email has been sent to notify you that the user [userDefinition:/lastFirstName] ([userDefinition:/email]) &lt;br /&gt; &#xA;has sent you the following request for more information.&lt;br /&gt; &#xA;&lt;br /&gt;&#xA;The comment associated with this request for more information was: &lt;br/&gt;&#xA;[BundleDef:/BundleTaskProperties/bundleTaskComment]&lt;br /&gt;&#xA;&lt;br /&gt;&#xA;Check additional information below and choose an action.&lt;br /&gt;&#xA;&lt;br /&gt;&#xA;&lt;div class=&quot;ocaButtonBody&quot;&gt;&#xA;&lt;div class=&quot;ocaLabel&quot;&gt;&lt;a href=&quot;[linkDefinition:/rmiAnswer]&quot;&gt;Reply Now&lt;/a&gt;&lt;/div&gt;&#xA;&lt;/div&gt; &#xA;&lt;hr /&gt;&#xA;&lt;div class=&quot;header&quot;&gt;More options (Login required):&lt;/div&gt;&#xA;&lt;ul class=&quot;optionsList&quot;&gt;&#xA;&lt;li&gt;&lt;a href=&quot;[linkDefinition:/bundleView]&quot;&gt;View contract record&lt;/a&gt;&lt;/li&gt;&#xA;&lt;li&gt;&lt;a href=&quot;[linkDefinition:/documentView]&quot;&gt;View contract document&lt;/a&gt;&lt;/li&gt;&#xA;&lt;/ul&gt;&#xA;&lt;hr /&gt;&#xA;&lt;div class=&quot;header&quot;&gt;Additional information:&lt;/div&gt;&#xA;&lt;label class=&quot;infoLabel&quot;&gt;Definition name: &lt;/label&gt;&lt;label class=&quot;infoValue&quot;&gt;[BundleDef:/bundleDefinitionName]&lt;/label&gt;&lt;br /&gt;&#xA;&lt;label class=&quot;infoLabel&quot;&gt;Tracking number: &lt;/label&gt;&lt;label class=&quot;infoValue&quot;&gt;#[BundleDef:/bundleTrackingNum]&lt;/label&gt;&lt;br /&gt;&#xA;&lt;label class=&quot;infoLabel&quot;&gt;Status: &lt;/label&gt;&lt;label class=&quot;infoValue&quot;&gt;[BundleDef:/bundleStatus]&lt;/label&gt;&lt;br /&gt;&#xA;&lt;label class=&quot;infoLabel&quot;&gt;Last modified: &lt;/label&gt; &lt;label class=&quot;infoValue&quot;&gt;[sltcTerm /BundleDef:/lastModified] by [sltcTerm /BundleDef:/bundleLastModifiedBy]&lt;/label&gt;&#xA;&lt;/div&gt;"/>
                    <param name="noEmailForIndividualEmailType" value="no"/>
                    <param name="isApprovalTemplate" value="true"/>
                </params>
            </comp>
        </components>
        <workflow>
            <task type="WorkflowDef:/MANAGE_WF/RootTask/" id="35" status="0">
                <tasks>
                    <task type="WorkflowDef:/MANAGE_WF/RootTask/Manage/" id="36" status="0"/>
                </tasks>
            </task>
        </workflow>
    </bundle>
    <bundle type="BundleDef:/EmailAccountTemplateBO/" id="1051795">
        <components>
            <comp type="MCPDef:/EmailAccountTemplate/ReqEmailAccountTemplateInfo/" id="1051795">
                <params>
                    <param name="name" value="RMI_Record_Replied"/>
                    <param name="bundleCreationWfEvent" value="WFCreate"/>
                    <param name="amendmentOrder" value="1"/>
                    <param name="isApproval" value="false"/>
                    <param name="sysPackageSupport" value="false"/>
                    <param name="bundleCategory" value="M"/>
                    <param name="isDocumentChanged" value="false"/>
                    <param name="subject" value="Information request for Record [BundleDef:/bundleDefinitionName]: [BundleDef:/bundleTrackingNum] was Replied"/>
                    <param name="body" value="This email has been sent to notify you that the user [userDefinition:/lastFirstName] ([userDefinition:/email])&lt;br /&gt;&#xA;has replied the following request for more information.&lt;br /&gt;&#xA;&lt;br /&gt;&#xA;The comment associated with this reply was: &lt;br /&gt;&#xA;[BundleDef:/BundleTaskProperties/bundleTaskComment]&lt;br /&gt;&#xA;&lt;br /&gt;&#xA;Definition name: [BundleDef:/bundleDefinitionName] &lt;br /&gt;&#xA;Tracking number: #[BundleDef:/bundleTrackingNum] &lt;br /&gt;&#xA;&lt;br /&gt;&#xA;Click to view this record (or paste this into your browser): &lt;a href=&quot;[linkDefinition:/bundleView]&quot;&gt;[linkDefinition:/bundleView]&lt;/a&gt;"/>
                    <param name="noEmailForIndividualEmailType" value="no"/>
                    <param name="isApprovalTemplate" value="true"/>
                </params>
            </comp>
        </components>
        <workflow>
            <task type="WorkflowDef:/MANAGE_WF/RootTask/" id="39" status="0">
                <tasks>
                    <task type="WorkflowDef:/MANAGE_WF/RootTask/Manage/" id="40" status="0"/>
                </tasks>
            </task>
        </workflow>
    </bundle>
    <bundle type="BundleDef:/EmailAccountTemplateBO/" id="1051792">
        <components>
            <comp type="MCPDef:/EmailAccountTemplate/ReqEmailAccountTemplateInfo/" id="1051792">
                <params>
                    <param name="name" value="Contract_Expiration_Reminder"/>
                    <param name="bundleCreationWfEvent" value="WFCreate"/>
                    <param name="amendmentOrder" value="1"/>
                    <param name="isApproval" value="false"/>
                    <param name="sysPackageSupport" value="false"/>
                    <param name="bundleCategory" value="M"/>
                    <param name="isDocumentChanged" value="false"/>
                    <param name="subject" value="The Contract [sltcTerm /CEMPData/ReqCEMPInfo/name][sltcTerm /CFR1Data/ReqCFR1Details/name][sltcTerm /CFR2Data/ReqCFR2Details/name][sltcTerm /CGenData/ReqCGenDetails/name][sltcTerm /CITProcData/ReqCITProcDetails/name][sltcTerm /CNDAData/ReqCNDADetails/name][sltcTerm /CPhyData/ReqCPhyDetails/name][sltcTerm /CProcData/ReqCProcDetails/name][sltcTerm /CREData/ReqCREDetails/name][sltcTerm /RREPData/ReqRRepDetails/name][sltcTerm /CSalesData/ReqCSalesDetails/name] Expiration Reminder"/>
                    <param name="body" value="This is a system generated alert to notify you that a key date for the contract [sltcTerm /CEMPData/ReqCEMPInfo/name][sltcTerm /CFR1Data/ReqCFR1Details/name][sltcTerm /CFR2Data/ReqCFR2Details/name][sltcTerm /CGenData/ReqCGenDetails/name][sltcTerm /CITProcData/ReqCITProcDetails/name][sltcTerm /CNDAData/ReqCNDADetails/name][sltcTerm /CPhyData/ReqCPhyDetails/name][sltcTerm /CProcData/ReqCProcDetails/name][sltcTerm /CREData/ReqCREDetails/name][sltcTerm /RREPData/ReqRRepDetails/name][sltcTerm /CSalesData/ReqCSalesDetails/name] is approaching.&lt;br /&gt;&#xA;&lt;br /&gt;&#xA;The Expiration date of contract [sltcTerm /CEMPData/ReqCEMPInfo/name][sltcTerm /CFR1Data/ReqCFR1Details/name][sltcTerm /CFR2Data/ReqCFR2Details/name][sltcTerm /CGenData/ReqCGenDetails/name][sltcTerm /CITProcData/ReqCITProcDetails/name][sltcTerm /CNDAData/ReqCNDADetails/name][sltcTerm /CPhyData/ReqCPhyDetails/name][sltcTerm /CProcData/ReqCProcDetails/name][sltcTerm /CREData/ReqCREDetails/name][sltcTerm /RREPData/ReqRRepDetails/name][sltcTerm /CSalesData/ReqCSalesDetails/name] is ​[sltcTerm /CEMPData/ReqCEMPInfo/endDate][sltcTerm /CFR1Data/ReqCFR1Details/endDate][sltcTerm /CFR2Data/ReqCFR2Details/endDate][sltcTerm /CGenData/ReqCGenDetails/endDate][sltcTerm /CITProcData/ReqCITProcDetails/endDate][sltcTerm /CNDAData/ReqCNDADetails/endDate][sltcTerm /CPhyData/ReqCPhyDetails/endDate][sltcTerm /CProcData/ReqCProcDetails/endDate][sltcTerm /CREData/ReqCREDetails/endDate][sltcTerm /RREPData/ReqRRepDetails/endDate][sltcTerm /CSalesData/ReqCSalesDetails/endDate]. &lt;br /&gt;&#xA;&lt;br /&gt;&#xA;To update or view the information for this record please login to: &lt;a href=&quot;[linkDefinition:/bundleView]&quot;&gt;[linkDefinition:/bundleView]&lt;/a&gt; &lt;br /&gt; &#xA;&lt;br /&gt; &#xA;Please note that this link will only work if you have the appropriate access rights."/>
                    <param name="noEmailForIndividualEmailType" value="no"/>
                    <param name="isApprovalTemplate" value="false"/>
                </params>
            </comp>
        </components>
        <workflow>
            <task type="WorkflowDef:/MANAGE_WF/RootTask/" id="33" status="0">
                <tasks>
                    <task type="WorkflowDef:/MANAGE_WF/RootTask/Manage/" id="34" status="0"/>
                </tasks>
            </task>
        </workflow>
    </bundle>
    <bundle type="BundleDef:/EmailAccountTemplateBO/" id="1051780">
        <components>
            <comp type="MCPDef:/EmailAccountTemplate/ReqEmailAccountTemplateInfo/" id="1051780">
                <params>
                    <param name="name" value="Alert_Reminder"/>
                    <param name="bundleCreationWfEvent" value="WFCreate"/>
                    <param name="amendmentOrder" value="1"/>
                    <param name="isApproval" value="false"/>
                    <param name="sysPackageSupport" value="false"/>
                    <param name="bundleCategory" value="M"/>
                    <param name="isDocumentChanged" value="false"/>
                    <param name="subject" value="[alertDefinition:/subject]"/>
                    <param name="body" value="This is a system generated alert to notify you that a key date is approaching. &lt;br /&gt;&#xA;&lt;br /&gt;&#xA;It was requested that you be reminded of this event [alertDefinition:/notificationFreq] starting on [alertDefinition:/notificationDate]. &lt;br /&gt;&#xA;Event Type: [alertDefinition:/eventType]&lt;br /&gt;&#xA;Event Date: [alertDefinition:/resolvedEventDate]&lt;br /&gt;&#xA;Comments: [alertDefinition:/comments]&lt;br /&gt;&#xA;&lt;br /&gt;&#xA;To update this reminder or view the complete information for this record please login to: &lt;a href=&quot;[linkDefinition:/viewComponent]&quot;&gt;[linkDefinition:/viewComponent]&lt;/a&gt; &lt;br /&gt;&#xA;Please note that this link will only work if you have the appropriate access rights"/>
                    <param name="noEmailForIndividualEmailType" value="no"/>
                    <param name="isApprovalTemplate" value="false"/>
                </params>
            </comp>
        </components>
        <workflow>
            <task type="WorkflowDef:/MANAGE_WF/RootTask/" id="9" status="0">
                <tasks>
                    <task type="WorkflowDef:/MANAGE_WF/RootTask/Manage/" id="10" status="0"/>
                </tasks>
            </task>
        </workflow>
    </bundle>
    <bundle type="BundleDef:/EmailAccountTemplateBO/" id="1051796">
        <components>
            <comp type="MCPDef:/EmailAccountTemplate/ReqEmailAccountTemplateInfo/" id="1051796">
                <params>
                    <param name="name" value="RMI_Record_Pending_Reminder"/>
                    <param name="bundleCreationWfEvent" value="WFCreate"/>
                    <param name="amendmentOrder" value="1"/>
                    <param name="isApproval" value="false"/>
                    <param name="sysPackageSupport" value="false"/>
                    <param name="bundleCategory" value="M"/>
                    <param name="isDocumentChanged" value="false"/>
                    <param name="subject" value="Request for more information Reminder for Record [BundleDef:/bundleDefinitionName]: [BundleDef:/bundleTrackingNum]"/>
                    <param name="body" value="&lt;style&gt;&#xA;* &#xA;{ margin:0px; padding: 0px; }&#xA;hr&#xA;{ border-color:#71A6C9; width: 300px; margin:25px 5px; }&#xA;a &#xA;{ color:inherit; text-decoration:none; }&#xA;a:visited&#xA;{ color:inherit; }&#xA;.letterBody&#xA;{ color:#333; margin-left: 5px; }&#xA;.ocaButtonBody&#xA;{ height:100px; width:300px; margin: 5px; background-color:#71A6C9; border:2px solid #6196b9; border-radius:10px; text-align:center;}&#xA;.ocaLabel &#xA;{ position:relative; top:30%; margin:5px; color:white; font-weight:bold; font-size:x-large; }&#xA;.header&#xA;{ color:#8c9c90; font-size:larger; font-weight:bold; }&#xA;.optionsList&#xA;{ margin-top:20px; margin-left:20px; line-height:200%; }&#xA;.optionsList li&#xA;{ text-decoration:underline; margin:4px; font-weight:bold; }&#xA;.infoLabel&#xA;{ }&#xA;.infoValue&#xA;{ color:#8c9c90; font-weight:bold; }&#xA;&lt;/style&gt;&#xA;&lt;div class=&quot;letterBody&quot;&gt;&#xA;This is a reminder that you have the request for more information pending for Record [BundleDef:/bundleDefinitionName]: [BundleDef:/bundleTrackingNum].&lt;br /&gt;&#xA;&lt;br /&gt;&#xA;&lt;label class=&quot;infoLabel&quot;&gt;Requestor: &lt;/label&gt;&lt;label class=&quot;infoValue&quot;&gt;[userDefinition:/lastFirstName] ([userDefinition:/email])&lt;/label&gt;&lt;br /&gt;&#xA;&lt;br /&gt;&#xA;The comment associated with this request for more information was: &lt;br/&gt;&#xA;[BundleDef:/BundleTaskProperties/bundleTaskComment]&lt;br /&gt;&#xA;&lt;br /&gt;&#xA;Check additional information below and choose an action.&lt;br /&gt;&#xA;&lt;br /&gt;&#xA;&lt;div class=&quot;ocaButtonBody&quot;&gt;&#xA;&lt;div class=&quot;ocaLabel&quot;&gt;&lt;a href=&quot;[linkDefinition:/rmiAnswer]&quot;&gt;Reply Now&lt;/a&gt;&lt;/div&gt;&#xA;&lt;/div&gt; &#xA;&lt;hr /&gt;&#xA;&lt;div class=&quot;header&quot;&gt;More options (Login required):&lt;/div&gt;&#xA;&lt;ul class=&quot;optionsList&quot;&gt;&#xA;&lt;li&gt;&lt;a href=&quot;[linkDefinition:/bundleView]&quot;&gt;View contract record&lt;/a&gt;&lt;/li&gt;&#xA;&lt;li&gt;&lt;a href=&quot;[linkDefinition:/documentView]&quot;&gt;View contract document&lt;/a&gt;&lt;/li&gt;&#xA;&lt;/ul&gt;&#xA;&lt;hr /&gt;&#xA;&lt;div class=&quot;header&quot;&gt;Additional information:&lt;/div&gt;&#xA;&lt;label class=&quot;infoLabel&quot;&gt;Definition name: &lt;/label&gt;&lt;label class=&quot;infoValue&quot;&gt;[BundleDef:/bundleDefinitionName]&lt;/label&gt;&lt;br /&gt;&#xA;&lt;label class=&quot;infoLabel&quot;&gt;Tracking number: &lt;/labe+G20l&gt;&lt;label class=&quot;infoValue&quot;&gt;#[BundleDef:/bundleTrackingNum]&lt;/label&gt;&lt;br /&gt;&#xA;&lt;label class=&quot;infoLabel&quot;&gt;Status: &lt;/label&gt;&lt;label class=&quot;infoValue&quot;&gt;[BundleDef:/bundleStatus]&lt;/label&gt;&lt;br /&gt;&#xA;&lt;label class=&quot;infoLabel&quot;&gt;Last modified: &lt;/label&gt; &lt;label class=&quot;infoValue&quot;&gt;[sltcTerm /BundleDef:/lastModified] by [sltcTerm /BundleDef:/bundleLastModifiedBy]&lt;/label&gt;&#xA;&lt;/div&gt;"/>
                    <param name="noEmailForIndividualEmailType" value="no"/>
                    <param name="isApprovalTemplate" value="true"/>
                </params>
            </comp>
        </components>
        <workflow>
            <task type="WorkflowDef:/MANAGE_WF/RootTask/" id="41" status="0">
                <tasks>
                    <task type="WorkflowDef:/MANAGE_WF/RootTask/Manage/" id="42" status="0"/>
                </tasks>
            </task>
        </workflow>
    </bundle>
    <bundle type="BundleDef:/EmailAccountTemplateBO/" id="1051794">
        <components>
            <comp type="MCPDef:/EmailAccountTemplate/ReqEmailAccountTemplateInfo/" id="1051794">
                <params>
                    <param name="name" value="RMI_Record_Canceled"/>
                    <param name="bundleCreationWfEvent" value="WFCreate"/>
                    <param name="amendmentOrder" value="1"/>
                    <param name="isApproval" value="false"/>
                    <param name="sysPackageSupport" value="false"/>
                    <param name="bundleCategory" value="M"/>
                    <param name="isDocumentChanged" value="false"/>
                    <param name="subject" value="Information request for Record [BundleDef:/bundleDefinitionName]: [BundleDef:/bundleTrackingNum] was Canceled"/>
                    <param name="body" value="This email has been sent to notify you that the user [userDefinition:/lastFirstName] ([userDefinition:/email])&lt;br /&gt;&#xA;has canceled the following request for more information.&lt;br /&gt;&#xA;&lt;br /&gt;&#xA;The comment associated with this cancellation was: &lt;br /&gt;&#xA;[BundleDef:/BundleTaskProperties/bundleTaskComment]&lt;br /&gt;&#xA;&lt;br /&gt;&#xA;Definition name: [BundleDef:/bundleDefinitionName] &lt;br /&gt;&#xA;Tracking number: #[BundleDef:/bundleTrackingNum]  &lt;br /&gt;&#xA;&lt;br /&gt;&#xA;Click to view this record (or paste this into your browser): &lt;a href=&quot;[linkDefinition:/bundleView]&quot;&gt;[linkDefinition:/bundleView]&lt;/a&gt;"/>
                    <param name="noEmailForIndividualEmailType" value="no"/>
                    <param name="isApprovalTemplate" value="true"/>
                </params>
            </comp>
        </components>
        <workflow>
            <task type="WorkflowDef:/MANAGE_WF/RootTask/" id="37" status="0">
                <tasks>
                    <task type="WorkflowDef:/MANAGE_WF/RootTask/Manage/" id="38" status="0"/>
                </tasks>
            </task>
        </workflow>
    </bundle>
    <bundle type="BundleDef:/EmailAccountTemplateBO/" id="1051781">
        <components>
            <comp type="MCPDef:/EmailAccountTemplate/ReqEmailAccountTemplateInfo/" id="1051781">
                <params>
                    <param name="name" value="New_Account_Welcome"/>
                    <param name="bundleCreationWfEvent" value="WFCreate"/>
                    <param name="amendmentOrder" value="1"/>
                    <param name="isApproval" value="false"/>
                    <param name="sysPackageSupport" value="false"/>
                    <param name="bundleCategory" value="M"/>
                    <param name="isDocumentChanged" value="false"/>
                    <param name="subject" value="Welcome to [accountDefinition:/hostDisplayName]"/>
                    <param name="body" value="Welcome!&lt;br /&gt;&#xA;&lt;br /&gt;&#xA;Your application has been approved and your account has been opened at [accountDefinition:/hostDisplayName].&lt;br /&gt;&#xA;&lt;br /&gt;&#xA;Your [accountDefinition:/hostDisplayName] username is your email address:   [userDefinition:/loginName] &lt;br /&gt;&#xA;Your [accountDefinition:/hostDisplayName] temporary password is:   [userDefinition:/password] &lt;br /&gt;&#xA;&lt;br /&gt;&#xA;To access your account please click on this link or paste it into your Web browser and log in using the information above:  &lt;br /&gt;&#xA;&lt;a href=&quot;[linkDefinition:/accountChangeAccountInfo]&quot;&gt;[linkDefinition:/accountChangeAccountInfo].&lt;/a&gt;&lt;br /&gt;&#xA;&lt;br /&gt;&#xA;Please note that your password is temporary and you will be required to update it when you first log into the [accountDefinition:/hostDisplayName]. &lt;br /&gt;&#xA;&lt;br /&gt;&#xA;We look forward to working with you. &lt;br /&gt;&#xA;&lt;br /&gt;&#xA;Sincerely, &lt;br /&gt;&#xA;[accountDefinition:/hostDisplayName] Customer Support"/>
                    <param name="noEmailForIndividualEmailType" value="no"/>
                    <param name="isApprovalTemplate" value="false"/>
                </params>
            </comp>
        </components>
        <workflow>
            <task type="WorkflowDef:/MANAGE_WF/RootTask/" id="11" status="0">
                <tasks>
                    <task type="WorkflowDef:/MANAGE_WF/RootTask/Manage/" id="12" status="0"/>
                </tasks>
            </task>
        </workflow>
    </bundle>
    <bundle type="BundleDef:/EmailAccountTemplateBO/" id="1051787">
        <components>
            <comp type="MCPDef:/EmailAccountTemplate/ReqEmailAccountTemplateInfo/" id="1051787">
                <params>
                    <param name="name" value="Record_Rejected"/>
                    <param name="bundleCreationWfEvent" value="WFCreate"/>
                    <param name="amendmentOrder" value="1"/>
                    <param name="isApproval" value="false"/>
                    <param name="sysPackageSupport" value="false"/>
                    <param name="bundleCategory" value="M"/>
                    <param name="isDocumentChanged" value="false"/>
                    <param name="subject" value="Record [BundleDef:/bundleDefinitionName]: [BundleDef:/bundleTrackingNum] Rejected"/>
                    <param name="body" value="This Email has been sent to notify you that the following record has been rejected. &lt;br /&gt;&#xA;&lt;br /&gt;&#xA;The comment associated with this rejection was: &lt;br /&gt;&#xA;[BundleDef:/BundleTaskProperties/bundleTaskComment] &lt;br /&gt;&#xA;&lt;br /&gt;&#xA;Definition name: [BundleDef:/bundleDefinitionName] &lt;br /&gt;&#xA;Tracking number: #[BundleDef:/bundleTrackingNum]  &lt;br /&gt;&#xA;&lt;br /&gt;&#xA;Click to view this record (or paste this into your browser): &lt;a href=&quot;[linkDefinition:/bundleView]&quot;&gt;[linkDefinition:/bundleView]&lt;/a&gt;"/>
                    <param name="noEmailForIndividualEmailType" value="no"/>
                    <param name="isApprovalTemplate" value="true"/>
                </params>
            </comp>
        </components>
        <workflow>
            <task type="WorkflowDef:/MANAGE_WF/RootTask/" id="23" status="0">
                <tasks>
                    <task type="WorkflowDef:/MANAGE_WF/RootTask/Manage/" id="24" status="0"/>
                </tasks>
            </task>
        </workflow>
    </bundle>
    <bundle type="BundleDef:/EmailAccountTemplateBO/" id="1051789">
        <components>
            <comp type="MCPDef:/EmailAccountTemplate/ReqEmailAccountTemplateInfo/" id="1051789">
                <params>
                    <param name="name" value="Approval_Pending_With_Image"/>
                    <param name="bundleCreationWfEvent" value="WFCreate"/>
                    <param name="amendmentOrder" value="1"/>
                    <param name="isApproval" value="false"/>
                    <param name="sysPackageSupport" value="false"/>
                    <param name="bundleCategory" value="M"/>
                    <param name="isDocumentChanged" value="false"/>
                    <param name="subject" value="Task open for your approval for Record [BundleDef:/bundleDefinitionName]: [BundleDef:/bundleTrackingNum]"/>
                    <param name="body" value="&lt;style media=&quot;all&quot; type=&quot;text/css&quot;&gt;&#xA;* &#xA;{ margin:0px; padding: 0px; }&#xA;hr&#xA;{ width: 300px; border-color:#71A6C9; margin:25px 5px; }&#xA;a &#xA;{ color:black; text-decoration:none; }&#xA;a:visited&#xA;{ color:black; }&#xA;.letterBody&#xA;{ color:#333; margin-left: 5px; text-align:left;}&#xA;.header&#xA;{ color:#8c9c90; font-size:larger; font-weight:bold; }&#xA;.optionsList&#xA;{ margin-top:20px; margin-left:20px; }&#xA;.optionsList li&#xA;{ text-decoration:underline; margin:4px; font-weight:bold; }&#xA;.infoLabel&#xA;{ }&#xA;.infoValue&#xA;{ color:#8c9c90; font-weight:bold; }&#xA;&lt;/style&gt;&#xA;&lt;div class=&quot;letterBody&quot;&gt;&#xA;You have an approval pending for record [BundleDef:/bundleDefinitionName]: [BundleDef:/bundleTrackingNum].&lt;br /&gt;&#xA;&lt;br /&gt;&#xA;Check additional information below and choose an action.&lt;br/&gt;&#xA;&lt;br/&gt;&#xA;&lt;a href=&quot;[linkDefinition:/oneClickApproveView]&quot;&gt;&#xA;&lt;img src=&quot;[linkDefinition:/approveNowImageLink]&quot; border=&quot;0&quot; /&gt;&#xA;&lt;/a&gt;&#xA;&lt;hr align=&quot;left&quot;/&gt;&#xA;&lt;div class=&quot;header&quot;&gt;More options (Login required):&lt;/div&gt;&#xA;&lt;ul class=&quot;optionsList&quot;&gt;&#xA;&lt;li&gt;&lt;a href=&quot;[linkDefinition:/approveView]&quot;&gt;Approve with comment&lt;/a&gt;&lt;/li&gt;&#xA;&lt;li&gt;&lt;a href=&quot;[linkDefinition:/rejectView]&quot;&gt;Reject with comment&lt;/a&gt;&lt;/li&gt;&#xA;&lt;li&gt;&lt;a href=&quot;[linkDefinition:/bundleView]&quot;&gt;View contract record&lt;/a&gt;&lt;/li&gt;&#xA;&lt;li&gt;&lt;a href=&quot;[linkDefinition:/documentView]&quot;&gt;View contract document&lt;/a&gt;&lt;/li&gt;&#xA;&lt;li&gt;&lt;a href=&quot;[linkDefinition:/reassignView]&quot;&gt;Reassign this approval&lt;/a&gt;&lt;/li&gt;&#xA;&lt;li&gt;&lt;a href=&quot;[linkDefinition:/rmiView]&quot;&gt;Request more information&lt;/a&gt;&lt;/li&gt;&#xA;&lt;/ul&gt;&#xA;&lt;hr /&gt;&#xA;&lt;div class=&quot;header&quot;&gt;Additional information:&lt;/div&gt;&#xA;&lt;label class=&quot;infoLabel&quot;&gt;Definition name: &lt;/label&gt;&lt;label class=&quot;infoValue&quot;&gt;[BundleDef:/bundleDefinitionName]&lt;/label&gt;&lt;br /&gt;&#xA;&lt;label class=&quot;infoLabel&quot;&gt;Tracking number: &lt;/label&gt;&lt;label class=&quot;infoValue&quot;&gt;#[BundleDef:/bundleTrackingNum]&lt;/label&gt;&lt;br /&gt;&#xA;&lt;label class=&quot;infoLabel&quot;&gt;Status: &lt;/label&gt;&lt;label class=&quot;infoValue&quot;&gt;[BundleDef:/bundleStatus]&lt;/label&gt;&lt;br /&gt;&#xA;&lt;label class=&quot;infoLabel&quot;&gt;Last modified: &lt;/label&gt; &lt;label class=&quot;infoValue&quot;&gt;[sltcTerm /BundleDef:/lastModified] by [sltcTerm /BundleDef:/bundleLastModifiedBy]&lt;/label&gt;&#xA;&lt;/div&gt;"/>
                    <param name="noEmailForIndividualEmailType" value="no"/>
                    <param name="isApprovalTemplate" value="true"/>
                </params>
            </comp>
        </components>
        <workflow>
            <task type="WorkflowDef:/MANAGE_WF/RootTask/" id="27" status="0">
                <tasks>
                    <task type="WorkflowDef:/MANAGE_WF/RootTask/Manage/" id="28" status="0"/>
                </tasks>
            </task>
        </workflow>
    </bundle>
    <bundle type="BundleDef:/EmailAccountTemplateBO/" id="1051788">
        <components>
            <comp type="MCPDef:/EmailAccountTemplate/ReqEmailAccountTemplateInfo/" id="1051788">
                <params>
                    <param name="name" value="Approval_Pending"/>
                    <param name="bundleCreationWfEvent" value="WFCreate"/>
                    <param name="amendmentOrder" value="1"/>
                    <param name="isApproval" value="false"/>
                    <param name="sysPackageSupport" value="false"/>
                    <param name="bundleCategory" value="M"/>
                    <param name="isDocumentChanged" value="false"/>
                    <param name="subject" value="Task open for your approval for Record [BundleDef:/bundleDefinitionName]: [BundleDef:/bundleTrackingNum]"/>
                    <param name="body" value="&lt;style&gt;&#xA;* &#xA;{ margin:0px; padding: 0px; }&#xA;hr&#xA;{ border-color:#71A6C9; width: 300px; margin:25px 5px; }&#xA;a &#xA;{ color:inherit; text-decoration:none; }&#xA;a:visited&#xA;{ color:inherit; }&#xA;.letterBody&#xA;{ color:#333; margin-left: 5px; }&#xA;.ocaButtonBody&#xA;{ height:100px; width:300px; margin: 5px; background-color:#71A6C9; border:2px solid #6196b9; border-radius:10px; text-align:center;}&#xA;.ocaLabel &#xA;{ position:relative; top:30%; margin:5px; color:white; font-weight:bold; font-size:x-large; }&#xA;.header&#xA;{ color:#8c9c90; font-size:larger; font-weight:bold; }&#xA;.optionsList&#xA;{ margin-top:20px; margin-left:20px; line-height:200%; }&#xA;.optionsList li&#xA;{ text-decoration:underline; margin:4px; font-weight:bold; }&#xA;.infoLabel&#xA;{ }&#xA;.infoValue&#xA;{ color:#8c9c90; font-weight:bold; }&#xA;&lt;/style&gt;&#xA;&lt;div class=&quot;letterBody&quot;&gt;&#xA;You have an approval pending for record [BundleDef:/bundleDefinitionName]: [BundleDef:/bundleTrackingNum].&lt;br /&gt; &#xA;&lt;br /&gt; &#xA;Check additional information below and choose an action. &lt;br /&gt;&#xA;&lt;br /&gt;&#xA;&lt;div class=&quot;ocaButtonBody&quot;&gt;&#xA;&lt;div class=&quot;ocaLabel&quot;&gt;&lt;a href=&quot;[linkDefinition:/oneClickApproveView]&quot;&gt;Approve Now&lt;/a&gt;&lt;/div&gt;&#xA;&lt;/div&gt; &#xA;&lt;hr /&gt;&#xA;&lt;div class=&quot;header&quot;&gt;More options (Login required):&lt;/div&gt;&#xA;&lt;ul class=&quot;optionsList&quot;&gt;&#xA;&lt;li&gt;&lt;a href=&quot;[linkDefinition:/approveView]&quot;&gt;Approve with comment&lt;/a&gt;&lt;/li&gt;&#xA;&lt;li&gt;&lt;a href=&quot;[linkDefinition:/rejectView]&quot;&gt;Reject with comment&lt;/a&gt;&lt;/li&gt;&#xA;&lt;li&gt;&lt;a href=&quot;[linkDefinition:/bundleView]&quot;&gt;View contract record&lt;/a&gt;&lt;/li&gt;&#xA;&lt;li&gt;&lt;a href=&quot;[linkDefinition:/documentView]&quot;&gt;View contract document&lt;/a&gt;&lt;/li&gt;&#xA;&lt;li&gt;&lt;a href=&quot;[linkDefinition:/reassignView]&quot;&gt;Reassign this approval&lt;/a&gt;&lt;/li&gt;&#xA;&lt;li&gt;&lt;a href=&quot;[linkDefinition:/rmiView]&quot;&gt;Request more information&lt;/a&gt;&lt;/li&gt;&#xA;&lt;/ul&gt;&#xA;&lt;hr /&gt;&#xA;&lt;div class=&quot;header&quot;&gt;Additional information:&lt;/div&gt;&#xA;&lt;label class=&quot;infoLabel&quot;&gt;Definition name: &lt;/label&gt;&lt;label class=&quot;infoValue&quot;&gt;[BundleDef:/bundleDefinitionName]&lt;/label&gt;&lt;br /&gt;&#xA;&lt;label class=&quot;infoLabel&quot;&gt;Tracking number: &lt;/label&gt;&lt;label class=&quot;infoValue&quot;&gt;#[BundleDef:/bundleTrackingNum]&lt;/label&gt;&lt;br /&gt;&#xA;&lt;label class=&quot;infoLabel&quot;&gt;Status: &lt;/label&gt;&lt;label class=&quot;infoValue&quot;&gt;[BundleDef:/bundleStatus]&lt;/label&gt;&lt;br /&gt;&#xA;&lt;label class=&quot;infoLabel&quot;&gt;Last modified: &lt;/label&gt; &lt;label class=&quot;infoValue&quot;&gt;[sltcTerm /BundleDef:/lastModified] by [sltcTerm /BundleDef:/bundleLastModifiedBy]&lt;/label&gt;&#xA;&lt;/div&gt;"/>
                    <param name="noEmailForIndividualEmailType" value="no"/>
                    <param name="isApprovalTemplate" value="true"/>
                </params>
            </comp>
        </components>
        <workflow>
            <task type="WorkflowDef:/MANAGE_WF/RootTask/" id="25" status="0">
                <tasks>
                    <task type="WorkflowDef:/MANAGE_WF/RootTask/Manage/" id="26" status="0"/>
                </tasks>
            </task>
        </workflow>
    </bundle>
    <bundle type="BundleDef:/EmailAccountTemplateBO/" id="1051777">
        <components>
            <comp type="MCPDef:/EmailAccountTemplate/ReqEmailAccountTemplateInfo/" id="1051777">
                <params>
                    <param name="name" value="Record_Reassigned"/>
                    <param name="bundleCreationWfEvent" value="WFCreate"/>
                    <param name="amendmentOrder" value="1"/>
                    <param name="isApproval" value="false"/>
                    <param name="sysPackageSupport" value="false"/>
                    <param name="bundleCategory" value="M"/>
                    <param name="isDocumentChanged" value="false"/>
                    <param name="subject" value="Record [BundleDef:/bundleDefinitionName]: [BundleDef:/bundleTrackingNum] Reassigned"/>
                    <param name="body" value="This email has been sent to notify you that [userDefinition:/firstLastName] ([userDefinition:/email]) has reassigned a task to you. &lt;br /&gt;&#xA;&lt;br /&gt;&#xA;You now have the privileges to view edit and complete it. &lt;br /&gt;&#xA;&lt;br /&gt;&#xA;Definition name: [BundleDef:/bundleDefinitionName]  &lt;br /&gt;&#xA;Tracking number: #[BundleDef:/bundleTrackingNum]  &lt;br /&gt;&#xA;Current task: [BundleDef:/BundleTaskProperties/bundleTaskName] &lt;br /&gt;&#xA;&lt;br /&gt;&#xA;Click to view this record (or paste this into your browser):  &lt;a href=&quot;[linkDefinition:/bundleView]&quot;&gt;[linkDefinition:/bundleView]&lt;/a&gt;"/>
                    <param name="noEmailForIndividualEmailType" value="no"/>
                    <param name="isApprovalTemplate" value="true"/>
                </params>
            </comp>
        </components>
        <workflow>
            <task type="WorkflowDef:/MANAGE_WF/RootTask/" id="3" status="0">
                <tasks>
                    <task type="WorkflowDef:/MANAGE_WF/RootTask/Manage/" id="4" status="0"/>
                </tasks>
            </task>
        </workflow>
    </bundle>
    <bundle type="BundleDef:/EmailAccountTemplateBO/" id="1051791">
        <components>
            <comp type="MCPDef:/EmailAccountTemplate/ReqEmailAccountTemplateInfo/" id="1051791">
                <params>
                    <param name="name" value="Change_Password_Request"/>
                    <param name="bundleCreationWfEvent" value="WFCreate"/>
                    <param name="amendmentOrder" value="1"/>
                    <param name="isApproval" value="false"/>
                    <param name="sysPackageSupport" value="false"/>
                    <param name="bundleCategory" value="M"/>
                    <param name="isDocumentChanged" value="false"/>
                    <param name="subject" value="[accountDefinition:/hostDisplayName] User Request"/>
                    <param name="body" value="Dear [userDefinition:/lastFirstName] &lt;br /&gt;&#xA;&lt;br /&gt;&#xA;Per your request, your password has been changed and a new temporary password has been issued: [userDefinition:/password]&lt;br /&gt;&#xA;&lt;br /&gt;&#xA;Please note that you will be required to update your password when you log into the [accountDefinition:/hostDisplayName] site again"/>
                    <param name="noEmailForIndividualEmailType" value="no"/>
                    <param name="isApprovalTemplate" value="false"/>
                </params>
            </comp>
        </components>
        <workflow>
            <task type="WorkflowDef:/MANAGE_WF/RootTask/" id="31" status="0">
                <tasks>
                    <task type="WorkflowDef:/MANAGE_WF/RootTask/Manage/" id="32" status="0"/>
                </tasks>
            </task>
        </workflow>
    </bundle>
</bundles>
